wall_time,imu_timestamp,ax,ay,az,gx,gy,gz,mx,my,mz
1765401014.845756,115988,-0.363722026348114,-2.2038683891296387,9.801351547241211,0.0,-3.640000104904175,0.7699999809265137,144.80992126464844,-388.5066223144531,-61.428062438964844
1765401014.845756,115988,-0.32543548941612244,-2.3282995223999023,9.674527168273926,0.0,-3.640000104904175,0.7699999809265137,146.40664672851562,-391.44097900390625,-62.37948226928711
1765401014.845756,115988,-0.23450499773025513,-2.3067634105682373,9.753493309020996,-0.14000000059604645,-3.8499999046325684,0.7699999809265137,146.25633239746094,-391.67364501953125,-61.858970642089844
1765401014.845756,115988,-0.44747382402420044,-2.2469406127929688,9.75588607788086,0.07000000029802322,-3.7100000381469727,0.6299999952316284,144.42112731933594,-387.67034912109375,-63.380001068115234
1765401014.845756,115988,-0.16750356554985046,-2.3282995223999023,9.71520709991455,-0.07000000029802322,-3.990000009536743,0.7699999809265137,146.36390686035156,-387.69061279296875,-59.75177001953125
1765401014.845756,115988,-0.32782840728759766,-2.234976053237915,9.7391357421875,-0.07000000029802322,-3.7799999713897705,0.8400000333786011,145.88211059570312,-390.55450439453125,-62.21883010864258
1765401014.845756,115988,-0.34697166085243225,-2.3019776344299316,9.712814331054688,0.0,-3.7100000381469727,0.699999988079071,144.46514892578125,-390.58111572265625,-62.494422912597656
1765401014.845756,115988,-0.30868515372276306,-2.333085298538208,9.72238540649414,-0.07000000029802322,-3.7799999713897705,0.6299999952316284,143.03713989257812,-387.69000244140625,-62.67328643798828
1765401014.905621,116064,-0.39004403352737427,-2.249333620071411,9.746315002441406,0.0,-3.7100000381469727,0.6299999952316284,143.86097717285156,-389.4316101074219,-63.54827880859375
1765401014.905621,116064,-0.27518442273139954,-2.2397620677948,9.741528511047363,0.14000000059604645,-3.8499999046325684,0.6299999952316284,143.86097717285156,-389.4316101074219,-63.54827880859375
1765401014.905621,116064,-0.3709007501602173,-2.2732627391815186,9.746315002441406,0.07000000029802322,-3.7799999713897705,0.7699999809265137,146.10264587402344,-390.58685302734375,-61.805484771728516
1765401014.905621,116064,-0.2105759084224701,-2.2852272987365723,9.717599868774414,0.07000000029802322,-3.7100000381469727,0.699999988079071,144.33631896972656,-388.1689453125,-62.06596374511719
1765401014.905621,116064,-0.4115802049636841,-2.256512403488159,9.815709114074707,0.0,-3.569999933242798,0.6299999952316284,145.18545532226562,-388.3053283691406,-61.3948974609375
1765401014.905621,116064,-0.2727915346622467,-2.359407424926758,9.734350204467773,0.0,-3.7100000381469727,0.699999988079071,146.6755828857422,-390.1430358886719,-60.8895263671875
1765401014.905621,116064,-0.3015064299106598,-2.2517266273498535,9.698456764221191,0.07000000029802322,-3.7799999713897705,0.699999988079071,144.6017608642578,-390.0715637207031,-62.26482391357422
1765401014.905621,116064,-0.32543548941612244,-2.256512403488159,9.775029182434082,0.07000000029802322,-3.7799999713897705,0.699999988079071,145.16058349609375,-389.6307067871094,-61.76986312866211
1765401014.980620,116139,-0.2823631465435028,-2.3067634105682373,9.719992637634277,0.07000000029802322,-3.7100000381469727,0.6299999952316284,144.62326049804688,-387.4267883300781,-62.356876373291016
1765401014.980620,116139,-0.35654330253601074,-2.2182257175445557,9.741528511047363,-0.07000000029802322,-3.569999933242798,0.699999988079071,143.38475036621094,-391.7348327636719,-63.53281021118164
1765401014.980620,116139,-0.32782840728759766,-2.3282995223999023,9.822887420654297,0.0,-3.7100000381469727,0.7699999809265137,146.46533203125,-389.5489501953125,-58.68001937866211
1765401014.980620,116139,-0.363722026348114,-2.3019776344299316,9.712814331054688,0.07000000029802322,-3.640000104904175,0.49000000953674316,146.2533721923828,-390.0743408203125,-61.15489196777344
1765401014.980620,116139,-0.24886244535446167,-2.2995846271514893,9.753493309020996,-0.14000000059604645,-3.7799999713897705,0.5600000023841858,146.056396484375,-390.03704833984375,-60.8665885925293
1765401014.980620,116139,-0.382865309715271,-2.3019776344299316,9.72238540649414,0.0,-3.640000104904175,0.7699999809265137,145.66322326660156,-393.44189453125,-63.00956344604492
1765401014.980620,116139,-0.1914326548576355,-2.278048515319824,9.655384063720703,0.0,-3.8499999046325684,0.699999988079071,141.31060791015625,-387.4232177734375,-64.85740661621094
1765401014.980620,116139,-0.39004403352737427,-2.2804415225982666,9.753493309020996,0.07000000029802322,-3.7100000381469727,0.7699999809265137,147.74307250976562,-392.1919250488281,-61.820621490478516
1765401015.070624,116216,-0.24886244535446167,-2.268476963043213,9.588382720947266,0.0,-3.7100000381469727,0.6299999952316284,147.78546142578125,-392.1829833984375,-60.55765151977539
1765401015.070624,116216,-0.2823631465435028,-2.234976053237915,9.763065338134766,0.07000000029802322,-3.7100000381469727,0.6299999952316284,145.525390625,-390.7518005371094,-61.690670013427734
1765401015.070624,116216,-0.3445787727832794,-2.3067634105682373,9.703242301940918,0.07000000029802322,-3.640000104904175,0.5600000023841858,144.66859436035156,-389.01715087890625,-61.79799270629883
1765401015.070624,116216,-0.35654330253601074,-2.2995846271514893,9.782208442687988,0.07000000029802322,-3.7799999713897705,0.699999988079071,146.498779296875,-388.7813415527344,-60.36658477783203
1765401015.070624,116216,-0.27757734060287476,-2.3139421939849854,9.674527168273926,0.0,-3.5,0.5600000023841858,146.81045532226562,-391.2337646484375,-61.50434112548828
1765401015.070624,116216,-0.2919347882270813,-2.2589051723480225,9.674527168273926,-0.14000000059604645,-3.7799999713897705,0.5600000023841858,146.9235076904297,-390.72918701171875,-61.97639846801758
1765401015.070624,116216,-0.2416837215423584,-2.2086541652679443,9.581204414367676,-0.14000000059604645,-3.7100000381469727,0.8400000333786011,144.93873596191406,-390.9187927246094,-61.85651779174805
1765401015.070624,116216,-0.45943835377693176,-2.2804415225982666,9.782208442687988,0.0,-3.569999933242798,0.6299999952316284,146.42384338378906,-388.517333984375,-61.440773010253906
1765401015.146235,116291,-0.29672059416770935,-2.3282995223999023,9.753493309020996,0.0,-3.7799999713897705,0.5600000023841858,143.3492431640625,-389.8625793457031,-62.63993835449219
1765401015.146235,116291,-0.27757734060287476,-2.28283429145813,9.849209785461426,0.0,-3.640000104904175,0.49000000953674316,143.70681762695312,-389.1054992675781,-60.82590866088867
1765401015.146235,116291,-0.3445787727832794,-2.376157760620117,9.832459449768066,0.0,-3.9200000762939453,0.5600000023841858,146.64305114746094,-389.8700866699219,-60.700740814208984
1765401015.146235,116291,-0.24886244535446167,-2.2947988510131836,9.712814331054688,0.0,-3.569999933242798,0.699999988079071,145.37213134765625,-389.3851623535156,-60.46608352661133
1765401015.146235,116291,-0.38525819778442383,-2.275655508041382,9.779815673828125,-0.14000000059604645,-3.7100000381469727,0.6299999952316284,146.03196716308594,-391.0825500488281,-60.070457458496094
1765401015.146235,116291,-0.25843408703804016,-2.2995846271514893,9.664956092834473,0.0,-3.569999933242798,0.6299999952316284,145.62355041503906,-386.770751953125,-59.864131927490234
1765401015.146235,116291,-0.34697166085243225,-2.2660839557647705,9.734350204467773,-0.07000000029802322,-3.7100000381469727,0.49000000953674316,145.62355041503906,-386.770751953125,-59.864131927490234
1765401015.146235,116291,-0.31825676560401917,-2.3426570892333984,9.746315002441406,-0.07000000029802322,-3.8499999046325684,0.5600000023841858,145.7557830810547,-390.5023498535156,-59.8255729675293
1765401015.220700,116366,-0.339792937040329,-2.2230117321014404,9.710420608520508,-0.14000000059604645,-3.430000066757202,0.699999988079071,145.76565551757812,-389.73968505859375,-62.21378707885742
1765401015.220700,116366,-0.29672059416770935,-2.2732627391815186,9.664956092834473,-0.07000000029802322,-3.8499999046325684,0.699999988079071,145.75962829589844,-391.06109619140625,-62.02743148803711
1765401015.220700,116366,-0.25604116916656494,-2.2876200675964355,9.66016960144043,0.0,-3.430000066757202,0.699999988079071,144.90414428710938,-388.0059814453125,-62.4614372253418
1765401015.220700,116366,-0.4044014811515808,-2.268476963043213,9.708027839660645,0.0,-3.7100000381469727,0.699999988079071,145.71470642089844,-389.1908264160156,-61.41522979736328
1765401015.220700,116366,-0.2105759084224701,-2.2876200675964355,9.712814331054688,0.07000000029802322,-3.7100000381469727,0.5600000023841858,145.38406372070312,-391.2623596191406,-62.06059646606445
1765401015.220700,116366,-0.35893622040748596,-2.227797508239746,9.71520709991455,0.0,-3.430000066757202,0.699999988079071,146.0126953125,-391.3663635253906,-61.80287170410156
1765401015.220700,116366,-0.1914326548576355,-2.3091564178466797,9.602740287780762,-0.07000000029802322,-3.8499999046325684,0.699999988079071,144.1595001220703,-386.8072509765625,-61.543025970458984
1765401015.220700,116366,-0.44986671209335327,-2.270869731903076,9.751100540161133,0.0,-3.640000104904175,0.699999988079071,145.24835205078125,-390.7313537597656,-63.7879753112793
1765401015.295611,116442,-0.2632198929786682,-2.275655508041382,9.667348861694336,0.0,-3.8499999046325684,0.699999988079071,146.77024841308594,-389.3625183105469,-60.751808166503906
1765401015.295611,116442,-0.23450499773025513,-2.2397620677948,9.724778175354004,0.0,-3.8499999046325684,0.5600000023841858,145.26466369628906,-388.84820556640625,-61.35147476196289
1765401015.295611,116442,-0.3350071310997009,-2.275655508041382,9.741528511047363,0.0,-3.7100000381469727,0.8400000333786011,144.6501922607422,-388.74127197265625,-61.188209533691406
1765401015.295611,116442,-0.2321120798587799,-2.2589051723480225,9.605133056640625,-0.07000000029802322,-3.7100000381469727,0.7699999809265137,143.32998657226562,-390.1463928222656,-64.37236022949219
1765401015.295611,116442,-0.42833054065704346,-2.304370403289795,9.753493309020996,-0.07000000029802322,-3.569999933242798,0.699999988079071,146.95352172851562,-389.1229248046875,-60.290000915527344
1765401015.295611,116442,-0.3110780417919159,-2.2804415225982666,9.72238540649414,-0.07000000029802322,-3.7100000381469727,0.699999988079071,146.95352172851562,-389.1229248046875,-60.290000915527344
1765401015.295611,116442,-0.27757734060287476,-2.2947988510131836,9.712814331054688,-0.07000000029802322,-3.7100000381469727,0.6299999952316284,145.90994262695312,-390.82843017578125,-62.547943115234375
1765401015.295611,116442,-0.35654330253601074,-2.249333620071411,9.74870777130127,-0.07000000029802322,-3.640000104904175,0.699999988079071,146.40028381347656,-388.52227783203125,-62.14242172241211
1765401015.370620,116517,-0.2105759084224701,-2.2947988510131836,9.688884735107422,-0.14000000059604645,-3.7100000381469727,0.7699999809265137,144.35003662109375,-388.44586181640625,-62.816070556640625
1765401015.370620,116517,-0.3445787727832794,-2.3306925296783447,9.784601211547852,0.0,-3.7799999713897705,0.8400000333786011,146.5030517578125,-389.0602111816406,-61.3973503112793
1765401015.370620,116517,-0.3015064299106598,-2.2517266273498535,9.712814331054688,-0.07000000029802322,-3.569999933242798,0.7699999809265137,145.8807830810547,-391.87493896484375,-61.89214324951172
1765401015.370620,116517,-0.33740004897117615,-2.333085298538208,9.779815673828125,-0.14000000059604645,-3.7100000381469727,0.7699999809265137,142.6654510498047,-388.45001220703125,-64.90830993652344
1765401015.370620,116517,-0.33740004897117615,-2.278048515319824,9.8085298538208,-0.07000000029802322,-3.7799999713897705,0.699999988079071,144.6437225341797,-390.3424987792969,-62.17295455932617
1765401015.370620,116517,-0.3038993179798126,-2.2876200675964355,9.710420608520508,-0.07000000029802322,-3.640000104904175,0.699999988079071,145.55630493164062,-388.10504150390625,-61.5020637512207
1765401015.370620,116517,-0.2321120798587799,-2.249333620071411,9.73195743560791,-0.07000000029802322,-3.7799999713897705,0.8400000333786011,144.96023559570312,-388.2739562988281,-61.94857406616211
1765401015.370620,116517,-0.3732936680316925,-2.2230117321014404,9.72238540649414,0.0,-3.7799999713897705,0.699999988079071,146.27528381347656,-387.1496887207031,-60.07585144042969
1765401015.445615,116592,-0.2727915346622467,-2.311549186706543,9.751100540161133,0.0,-3.8499999046325684,0.8400000333786011,144.24636840820312,-388.9484558105469,-62.063358306884766
1765401015.445615,116592,-0.34936457872390747,-2.2804415225982666,9.763065338134766,-0.07000000029802322,-3.640000104904175,0.7699999809265137,143.9886016845703,-388.6441650390625,-62.42824172973633
1765401015.445615,116592,-0.30629223585128784,-2.263690948486328,9.760672569274902,0.07000000029802322,-3.7100000381469727,0.5600000023841858,145.0176239013672,-387.2215270996094,-61.762393951416016
1765401015.445615,116592,-0.260826975107193,-2.318727970123291,9.724778175354004,-0.07000000029802322,-3.7100000381469727,0.7699999809265137,145.43984985351562,-387.29022216796875,-61.49702453613281
1765401015.445615,116592,-0.3517574965953827,-2.275655508041382,9.794173240661621,0.07000000029802322,-3.430000066757202,0.7699999809265137,145.60723876953125,-388.6539001464844,-62.30062484741211
1765401015.445615,116592,-0.3326142132282257,-2.28283429145813,9.743921279907227,0.0,-3.7100000381469727,0.699999988079071,145.9442138671875,-389.5010681152344,-61.89231872558594
1765401015.445615,116592,-0.32782840728759766,-2.3019776344299316,9.73195743560791,-0.07000000029802322,-3.5,0.8400000333786011,147.7344970703125,-391.6341552734375,-59.75908660888672
1765401015.445615,116592,-0.3517574965953827,-2.2325832843780518,9.765458106994629,0.0,-3.7799999713897705,0.699999988079071,145.48562622070312,-388.6007385253906,-59.76703643798828
1765401015.521223,116669,-0.3613291084766388,-2.3282995223999023,9.727170944213867,0.07000000029802322,-3.5,0.5600000023841858,145.3450927734375,-392.5907287597656,-62.85654830932617
1765401015.521223,116669,-0.2919347882270813,-2.3282995223999023,9.698456764221191,0.07000000029802322,-3.7799999713897705,0.5600000023841858,146.00973510742188,-389.7670593261719,-61.098793029785156
1765401015.521223,116669,-0.32782840728759766,-2.2589051723480225,9.712814331054688,0.0,-3.7799999713897705,0.7699999809265137,146.93641662597656,-387.5266418457031,-60.00691223144531
1765401015.521223,116669,-0.2416837215423584,-2.2804415225982666,9.631455421447754,0.0,-3.640000104904175,0.699999988079071,147.29345703125,-391.5694274902344,-60.58577346801758
1765401015.521223,116669,-0.3709007501602173,-2.254119396209717,9.789386749267578,0.0,-3.7799999713897705,0.7699999809265137,144.38902282714844,-387.1175231933594,-62.02011489868164
1765401015.521223,116669,-0.24886244535446167,-2.3091564178466797,9.751100540161133,0.07000000029802322,-3.569999933242798,0.6299999952316284,146.6866455078125,-393.060791015625,-60.98625564575195
1765401015.521223,116669,-0.39961564540863037,-2.2995846271514893,9.832459449768066,0.07000000029802322,-3.7799999713897705,0.699999988079071,146.77658081054688,-392.28131103515625,-60.988868713378906
1765401015.521223,116669,-0.20579010248184204,-2.2589051723480225,9.664956092834473,0.0,-3.640000104904175,0.6299999952316284,143.8533172607422,-387.83331298828125,-62.98453140258789
1765401015.595690,116744,-0.3541503846645355,-2.249333620071411,9.753493309020996,-0.07000000029802322,-3.569999933242798,0.699999988079071,143.66268920898438,-390.7146911621094,-62.933284759521484
1765401015.595690,116744,-0.41875892877578735,-2.3139421939849854,9.777422904968262,0.0,-3.569999933242798,0.6299999952316284,145.66978454589844,-387.3205871582031,-60.80302047729492
1765401015.595690,116744,-0.2536482512950897,-2.28283429145813,9.705635070800781,0.0,-3.7799999713897705,0.49000000953674316,145.66978454589844,-387.3205871582031,-60.80302047729492
1765401015.595690,116744,-0.3613291084766388,-2.278048515319824,9.798958778381348,0.0,-3.8499999046325684,0.5600000023841858,146.39468383789062,-389.5638122558594,-60.784969329833984
1765401015.595690,116744,-0.21775463223457336,-2.2732627391815186,9.6697416305542,-0.07000000029802322,-3.569999933242798,0.699999988079071,147.45921325683594,-390.0133972167969,-61.01198196411133
1765401015.595690,116744,-0.35893622040748596,-2.290013074874878,9.751100540161133,0.0,-3.7799999713897705,0.7699999809265137,147.32907104492188,-388.9216613769531,-60.256839752197266
1765401015.595690,116744,-0.27997025847435,-2.304370403289795,9.696063995361328,0.0,-3.7100000381469727,0.7699999809265137,145.75535583496094,-390.7822265625,-60.996665954589844
1765401015.595690,116744,-0.36850783228874207,-2.261298179626465,9.767850875854492,0.0,-3.7799999713897705,0.699999988079071,145.50962829589844,-387.8350830078125,-61.73427200317383
1765401015.670617,116819,-0.23689790070056915,-2.2947988510131836,9.717599868774414,-0.14000000059604645,-3.7100000381469727,0.699999988079071,143.57919311523438,-389.8929443359375,-61.9459342956543
1765401015.670617,116819,-0.39004403352737427,-2.2325832843780518,9.758278846740723,0.0,-3.7100000381469727,0.7699999809265137,145.5194854736328,-387.5532531738281,-60.282508850097656
1765401015.670617,116819,-0.29911351203918457,-2.3354783058166504,9.698456764221191,-0.07000000029802322,-3.7799999713897705,0.7699999809265137,145.47872924804688,-390.4818420410156,-61.92287826538086
1765401015.670617,116819,-0.22971917688846588,-2.184725046157837,9.712814331054688,-0.07000000029802322,-3.640000104904175,0.6299999952316284,146.37411499023438,-391.1680603027344,-62.190696716308594
1765401015.670617,116819,-0.45943835377693176,-2.261298179626465,9.717599868774414,-0.14000000059604645,-3.7100000381469727,0.699999988079071,145.7626953125,-388.140380859375,-61.50971221923828
1765401015.670617,116819,-0.24886244535446167,-2.3282995223999023,9.794173240661621,-0.07000000029802322,-3.8499999046325684,0.699999988079071,144.63430786132812,-390.344482421875,-62.45361328125
1765401015.670617,116819,-0.39961564540863037,-2.268476963043213,9.806137084960938,0.0,-3.7799999713897705,0.7699999809265137,147.05584716796875,-389.94073486328125,-60.71603012084961
1765401015.670617,116819,-0.23929080367088318,-2.333085298538208,9.717599868774414,0.0,-3.640000104904175,0.699999988079071,146.07305908203125,-391.9132385253906,-62.320777893066406
1765401015.745616,116895,-0.2321120798587799,-2.220618724822998,9.717599868774414,0.07000000029802322,-3.640000104904175,0.6299999952316284,146.1476593017578,-387.9371337890625,-61.19588851928711
1765401015.745616,116895,-0.3613291084766388,-2.325906753540039,9.71520709991455,0.0,-3.640000104904175,0.699999988079071,146.17120361328125,-387.9321594238281,-60.49423599243164
1765401015.745616,116895,-0.2727915346622467,-2.2876200675964355,9.73195743560791,-0.07000000029802322,-3.7100000381469727,0.6299999952316284,146.1210479736328,-390.8627624511719,-62.415260314941406
1765401015.745616,116895,-0.3350071310997009,-2.28283429145813,9.798958778381348,0.0,-3.7100000381469727,0.699999988079071,144.7969970703125,-391.70916748046875,-63.397544860839844
1765401015.745616,116895,-0.32543548941612244,-2.292405843734741,9.741528511047363,-0.07000000029802322,-3.7100000381469727,0.6299999952316284,143.37962341308594,-392.01568603515625,-64.84423065185547
1765401015.745616,116895,-0.2943277060985565,-2.275655508041382,9.777422904968262,0.0,-3.7799999713897705,0.6299999952316284,144.52857971191406,-388.207275390625,-62.49460220336914
1765401015.745616,116895,-0.3421858549118042,-2.2732627391815186,9.727170944213867,0.0,-3.430000066757202,0.5600000023841858,144.61424255371094,-387.1488952636719,-61.4664421081543
1765401015.745616,116895,-0.2943277060985565,-2.268476963043213,9.8444242477417,0.0,-3.7799999713897705,0.6299999952316284,146.09068298339844,-388.7096862792969,-60.21096420288086
1765401015.820655,116970,-0.3302213251590729,-2.3019776344299316,9.724778175354004,0.07000000029802322,-3.7799999713897705,0.699999988079071,144.2086944580078,-388.9563903808594,-63.18600082397461
1765401015.820655,116970,-0.3015064299106598,-2.3354783058166504,9.772636413574219,0.07000000029802322,-3.7799999713897705,0.699999988079071,146.6195068359375,-389.87506103515625,-61.40238952636719
1765401015.820655,116970,-0.34697166085243225,-2.268476963043213,9.74870777130127,0.0,-3.7100000381469727,0.699999988079071,144.65753173828125,-386.09942626953125,-61.70125198364258
1765401015.820655,116970,-0.24646952748298645,-2.3163349628448486,9.763065338134766,0.0,-3.640000104904175,0.7699999809265137,144.4215545654297,-387.3904724121094,-62.208900451660156
1765401015.820655,116970,-0.4115802049636841,-2.311549186706543,9.846817016601562,0.07000000029802322,-3.7799999713897705,0.699999988079071,146.0636444091797,-391.91522216796875,-62.601436614990234
1765401015.820655,116970,-0.3230426013469696,-2.2947988510131836,9.7391357421875,0.0,-3.640000104904175,0.6299999952316284,145.72454833984375,-388.90899658203125,-59.96346664428711
1765401015.820655,116970,-0.32782840728759766,-2.3211207389831543,9.796566009521484,-0.07000000029802322,-3.640000104904175,0.7699999809265137,147.61038208007812,-389.22100830078125,-59.1902961730957
1765401015.820655,116970,-0.3421858549118042,-2.2373690605163574,9.786993980407715,0.0,-3.7100000381469727,0.8400000333786011,147.61038208007812,-389.22100830078125,-59.1902961730957
1765401015.896210,117047,-0.26561281085014343,-2.290013074874878,9.724778175354004,-0.07000000029802322,-3.7100000381469727,0.699999988079071,143.49913024902344,-389.9097900390625,-64.33154296875
1765401015.896210,117047,-0.27997025847435,-2.2804415225982666,9.758278846740723,0.0,-3.7100000381469727,0.7699999809265137,146.55145263671875,-387.7298889160156,-60.320735931396484
1765401015.896210,117047,-0.3924369215965271,-2.292405843734741,9.698456764221191,-0.07000000029802322,-3.430000066757202,0.8400000333786011,145.84999084472656,-390.001708984375,-60.858943939208984
1765401015.896210,117047,-0.260826975107193,-2.3450498580932617,9.770243644714355,-0.07000000029802322,-3.7799999713897705,0.699999988079071,145.91802978515625,-392.14691162109375,-61.94059753417969
1765401015.896210,117047,-0.3517574965953827,-2.2804415225982666,9.822887420654297,0.0,-3.640000104904175,0.699999988079071,145.6907196044922,-389.4756774902344,-63.2879753112793
1765401015.896210,117047,-0.3110780417919159,-2.304370403289795,9.712814331054688,0.0,-3.7799999713897705,0.7699999809265137,143.77320861816406,-388.3309631347656,-61.5301628112793
1765401015.896210,117047,-0.25843408703804016,-2.3139421939849854,9.767850875854492,0.0,-3.7100000381469727,0.5600000023841858,146.70123291015625,-392.2971496582031,-63.23414993286133
1765401015.896210,117047,-0.42833054065704346,-2.2876200675964355,9.710420608520508,0.0,-3.569999933242798,0.6299999952316284,143.5603485107422,-389.89691162109375,-62.50725555419922
1765401015.970692,117122,-0.24886244535446167,-2.304370403289795,9.765458106994629,-0.07000000029802322,-3.7100000381469727,0.6299999952316284,143.26490783691406,-389.60052490234375,-63.99478530883789
1765401015.970692,117122,-0.3326142132282257,-2.220618724822998,9.782208442687988,0.0,-3.7100000381469727,0.699999988079071,146.51585388183594,-390.377685546875,-60.64967346191406
1765401015.970692,117122,-0.29911351203918457,-2.3091564178466797,9.693670272827148,0.07000000029802322,-3.9200000762939453,0.699999988079071,145.55967712402344,-389.42449951171875,-61.03504943847656
1765401015.970692,117122,-0.26561281085014343,-2.3019776344299316,9.813316345214844,0.0,-3.7799999713897705,0.699999988079071,143.74147033691406,-391.5374755859375,-64.06096649169922
1765401015.970692,117122,-0.38765111565589905,-2.3211207389831543,9.784601211547852,0.0,-3.640000104904175,0.7699999809265137,143.0701141357422,-387.6830749511719,-61.690975189208984
1765401015.970692,117122,-0.20579010248184204,-2.3282995223999023,9.73195743560791,-0.14000000059604645,-3.5,0.699999988079071,145.31561279296875,-389.3970642089844,-62.15004348754883
1765401015.970692,117122,-0.39722275733947754,-2.278048515319824,9.801351547241211,0.0,-3.7799999713897705,0.699999988079071,145.31561279296875,-389.3970642089844,-62.15004348754883
1765401015.970692,117122,-0.32543548941612244,-2.2947988510131836,9.710420608520508,0.0,-3.7799999713897705,0.6299999952316284,147.40223693847656,-390.7859802246094,-60.027069091796875
1765401016.045612,117197,-0.2727915346622467,-2.3019776344299316,9.734350204467773,-0.07000000029802322,-3.8499999046325684,0.5600000023841858,144.70880126953125,-390.88836669921875,-62.55052185058594
1765401016.045612,117197,-0.3709007501602173,-2.2852272987365723,9.851602554321289,-0.07000000029802322,-3.7799999713897705,0.6299999952316284,146.2935791015625,-391.9455871582031,-61.907432556152344
1765401016.045612,117197,-0.3015064299106598,-2.325906753540039,9.753493309020996,-0.14000000059604645,-3.990000009536743,0.49000000953674316,145.57676696777344,-391.0207824707031,-61.31813430786133
1765401016.045612,117197,-0.43550926446914673,-2.292405843734741,9.813316345214844,0.0,-4.130000114440918,0.42000001668930054,144.86338806152344,-390.93463134765625,-64.10179901123047
1765401016.045612,117197,-0.6580497026443481,-2.311549186706543,9.925783157348633,-0.07000000029802322,-3.990000009536743,0.42000001668930054,145.6294708251953,-389.9693603515625,-61.27228546142578
1765401016.045612,117197,0.08614469319581985,-2.2995846271514893,9.684099197387695,0.07000000029802322,-4.96999979019165,0.21000000834465027,145.7366180419922,-386.2661437988281,-60.336181640625
1765401016.045612,117197,-0.3517574965953827,-2.199082612991333,9.909032821655273,0.14000000059604645,-3.7799999713897705,0.6299999952316284,145.4877166748047,-390.7597351074219,-62.81331253051758
1765401016.045612,117197,0.34936457872390747,-2.373764753341675,9.612311363220215,0.0,-4.409999847412109,0.49000000953674316,145.9926300048828,-388.1707458496094,-60.815704345703125
1765401016.120609,117273,-0.44986671209335327,-2.2110471725463867,9.830066680908203,-0.07000000029802322,-3.0799999237060547,0.9800000190734863,146.12750244140625,-389.261474609375,-61.430519104003906
1765401016.120609,117273,-0.1914326548576355,-2.290013074874878,9.82767391204834,0.07000000029802322,-3.569999933242798,0.6299999952316284,146.6006622314453,-389.8790283203125,-61.96371078491211
1765401016.120609,117273,-0.5001177787780762,-2.395301103591919,9.861174583435059,0.0,-3.569999933242798,0.7699999809265137,142.91127014160156,-386.87713623046875,-62.94890594482422
1765401016.120609,117273,-0.35893622040748596,-2.270869731903076,9.870745658874512,0.0,-3.7100000381469727,0.699999988079071,143.58009338378906,-388.8523864746094,-63.443721771240234
1765401016.120609,117273,-0.41875892877578735,-2.3450498580932617,9.729564666748047,-0.07000000029802322,-3.8499999046325684,0.699999988079071,145.4800567626953,-389.1614685058594,-62.24956512451172
1765401016.120609,117273,-0.1698964685201645,-2.254119396209717,9.681706428527832,-0.07000000029802322,-3.7100000381469727,0.6299999952316284,145.49461364746094,-388.8786315917969,-60.657470703125
1765401016.120609,117273,-0.25843408703804016,-2.1895108222961426,9.705635070800781,0.0,-3.7799999713897705,0.699999988079071,145.71286010742188,-395.3111572265625,-63.48143768310547
1765401016.120609,117273,-0.17707519233226776,-2.2660839557647705,9.631455421447754,-0.07000000029802322,-3.7100000381469727,0.699999988079071,146.2067108154297,-389.80438232421875,-61.38710021972656
1765401016.195617,117348,-0.35654330253601074,-2.3570144176483154,9.846817016601562,-0.14000000059604645,-3.5,0.6299999952316284,146.112060546875,-390.5848693847656,-61.52482223510742
1765401016.195617,117348,-0.35654330253601074,-2.318727970123291,9.681706428527832,0.0,-3.640000104904175,0.8400000333786011,143.39210510253906,-389.09295654296875,-64.04585266113281
1765401016.195617,117348,-0.36611494421958923,-2.2995846271514893,9.851602554321289,-0.07000000029802322,-3.7799999713897705,0.6299999952316284,144.570556640625,-388.4782409667969,-62.40272521972656
1765401016.195617,117348,-0.284756064414978,-2.278048515319824,9.741528511047363,0.21000000834465027,-3.9200000762939453,0.699999988079071,146.04400634765625,-388.4397277832031,-60.44316864013672
1765401016.195617,117348,-0.30629223585128784,-2.311549186706543,9.703242301940918,-0.07000000029802322,-3.8499999046325684,0.6299999952316284,145.22227478027344,-388.8571472167969,-62.614444732666016
1765401016.195617,117348,-0.18425391614437103,-2.2589051723480225,9.763065338134766,0.07000000029802322,-3.7100000381469727,0.6299999952316284,146.68162536621094,-388.8216247558594,-61.07588195800781
1765401016.195617,117348,-0.24407662451267242,-2.2876200675964355,9.777422904968262,-0.07000000029802322,-3.640000104904175,0.8400000333786011,144.44509887695312,-387.385498046875,-61.50725173950195
1765401016.195617,117348,-0.3709007501602173,-2.2804415225982666,9.782208442687988,-0.07000000029802322,-3.569999933242798,0.7699999809265137,146.6802978515625,-390.14202880859375,-60.74919509887695
1765401016.271215,117424,-0.34936457872390747,-2.311549186706543,9.82767391204834,-0.07000000029802322,-3.7100000381469727,0.699999988079071,145.08477783203125,-390.4072570800781,-61.34626388549805
1765401016.271215,117424,-0.3421858549118042,-2.3067634105682373,9.727170944213867,-0.07000000029802322,-3.640000104904175,0.699999988079071,143.6841583251953,-388.0699157714844,-63.02533721923828
1765401016.271215,117424,-0.2703986167907715,-2.2947988510131836,9.784601211547852,-0.07000000029802322,-3.7799999713897705,0.6299999952316284,144.11875915527344,-389.73590087890625,-63.183387756347656
1765401016.271215,117424,-0.32543548941612244,-2.2876200675964355,9.753493309020996,0.0,-3.7799999713897705,0.699999988079071,144.11875915527344,-389.73590087890625,-63.183387756347656
1765401016.271215,117424,-0.31586387753486633,-2.28283429145813,9.743921279907227,-0.07000000029802322,-3.5,0.699999988079071,145.72116088867188,-387.5895690917969,-60.430484771728516
1765401016.271215,117424,-0.284756064414978,-2.297191858291626,9.789386749267578,0.0,-3.640000104904175,0.699999988079071,144.76620483398438,-389.8359680175781,-62.36434555053711
1765401016.271215,117424,-0.3924369215965271,-2.3450498580932617,9.779815673828125,0.0,-3.640000104904175,0.8400000333786011,145.11216735839844,-390.9610290527344,-62.846473693847656
1765401016.271215,117424,-0.27518442273139954,-2.256512403488159,9.743921279907227,-0.07000000029802322,-3.8499999046325684,0.8400000333786011,145.74253845214844,-389.4647521972656,-61.74434280395508
1765401016.345693,117500,-0.3134709596633911,-2.2660839557647705,9.743921279907227,-0.14000000059604645,-3.640000104904175,0.699999988079071,145.23507690429688,-390.1745910644531,-61.86677169799805
1765401016.345693,117500,-0.32543548941612244,-2.311549186706543,9.585989952087402,0.0,-3.7100000381469727,0.7699999809265137,144.66726684570312,-390.3375549316406,-61.47130584716797
1765401016.345693,117500,-0.31586387753486633,-2.256512403488159,9.734350204467773,-0.07000000029802322,-3.3600001335144043,0.699999988079071,145.02178955078125,-392.02044677734375,-64.01496124267578
1765401016.345693,117500,-0.26800569891929626,-2.278048515319824,9.571632385253906,-0.07000000029802322,-3.569999933242798,0.8400000333786011,145.8071746826172,-390.2904968261719,-63.293006896972656
1765401016.345693,117500,-0.24886244535446167,-2.2254045009613037,9.775029182434082,0.0,-3.8499999046325684,0.699999988079071,143.95814514160156,-391.0110778808594,-61.44575500488281
1765401016.345693,117500,-0.36850783228874207,-2.290013074874878,9.935354232788086,0.0,-3.640000104904175,0.699999988079071,146.74801635742188,-388.04705810546875,-61.78014373779297
1765401016.345693,117500,-0.39722275733947754,-2.3833365440368652,9.719992637634277,-0.07000000029802322,-3.5,0.7699999809265137,145.9073944091797,-388.94927978515625,-60.67276382446289
1765401016.345693,117500,-0.19621846079826355,-2.249333620071411,9.73195743560791,-0.07000000029802322,-3.7100000381469727,0.5600000023841858,145.04884338378906,-388.81488037109375,-61.62449264526367
1765401016.420603,117575,-0.3326142132282257,-2.304370403289795,9.72238540649414,0.07000000029802322,-3.7100000381469727,0.49000000953674316,145.4235076904297,-389.6541442871094,-60.093544006347656
1765401016.420603,117575,-0.23689790070056915,-2.278048515319824,9.648205757141113,0.0,-3.640000104904175,0.5600000023841858,143.89613342285156,-387.5445251464844,-60.55046463012695
1765401016.420603,117575,-0.34697166085243225,-2.254119396209717,9.952104568481445,0.07000000029802322,-3.8499999046325684,0.699999988079071,143.80194091796875,-387.5643310546875,-63.3570671081543
1765401016.420603,117575,-0.39961564540863037,-2.368978977203369,9.71520709991455,0.0,-3.569999933242798,0.699999988079071,146.6957550048828,-388.8186340332031,-60.65489196777344
1765401016.420603,117575,-0.2536482512950897,-2.2804415225982666,9.849209785461426,-0.07000000029802322,-3.7799999713897705,0.6299999952316284,146.00973510742188,-389.7670593261719,-61.098793029785156
1765401016.420603,117575,-0.36611494421958923,-2.3139421939849854,9.813316345214844,0.0,-3.7799999713897705,0.7699999809265137,147.4287567138672,-392.3803405761719,-60.02949523925781
1765401016.420603,117575,-0.2129688262939453,-2.318727970123291,9.724778175354004,0.0,-3.430000066757202,0.7699999809265137,143.644287109375,-390.4388122558594,-62.323509216308594
1765401016.420603,117575,-0.31586387753486633,-2.2660839557647705,9.846817016601562,-0.07000000029802322,-3.8499999046325684,0.7699999809265137,143.8134307861328,-390.2021789550781,-62.2827033996582
1765401016.495610,117650,-0.4546525478363037,-2.368978977203369,9.839637756347656,0.0,-3.5,0.6299999952316284,146.90859985351562,-387.2527160644531,-59.677799224853516
1765401016.495610,117650,-0.26561281085014343,-2.292405843734741,9.688884735107422,0.0,-3.7799999713897705,0.7699999809265137,145.2676239013672,-390.447509765625,-62.05556106567383
1765401016.495610,117650,-0.34936457872390747,-2.2301902770996094,9.763065338134766,0.0,-3.9200000762939453,0.699999988079071,146.90774536132812,-387.8124694824219,-62.019989013671875
1765401016.495610,117650,-0.19621846079826355,-2.2445478439331055,9.621883392333984,-0.07000000029802322,-3.7100000381469727,0.7699999809265137,145.4959259033203,-387.5581970214844,-60.98415756225586
1765401016.495610,117650,-0.35893622040748596,-2.2589051723480225,9.820494651794434,-0.07000000029802322,-3.7100000381469727,0.699999988079071,145.56089782714844,-392.62408447265625,-62.583534240722656
1765401016.495610,117650,-0.260826975107193,-2.368978977203369,9.775029182434082,-0.07000000029802322,-3.7100000381469727,0.699999988079071,144.3427734375,-386.5677185058594,-61.08122634887695
1765401016.495610,117650,-0.339792937040329,-2.318727970123291,9.700849533081055,-0.07000000029802322,-3.640000104904175,0.8400000333786011,142.10145568847656,-389.6525573730469,-62.874725341796875
1765401016.495610,117650,-0.3421858549118042,-2.2301902770996094,9.734350204467773,0.0,-3.7100000381469727,0.6299999952316284,144.63780212402344,-387.1439514160156,-60.76478958129883
1765401016.570609,117726,-0.30629223585128784,-2.290013074874878,9.686491966247559,0.0,-3.7799999713897705,0.699999988079071,144.63780212402344,-387.1439514160156,-60.76478958129883
1765401016.570609,117726,-0.29911351203918457,-2.2301902770996094,9.717599868774414,-0.07000000029802322,-3.640000104904175,0.6299999952316284,145.1220245361328,-390.67919921875,-61.394718170166016
1765401016.570609,117726,-0.284756064414978,-2.234976053237915,9.657776832580566,0.07000000029802322,-3.7100000381469727,0.5600000023841858,147.0062255859375,-388.0715026855469,-60.24415969848633
1765401016.570609,117726,-0.2105759084224701,-2.2469406127929688,9.648205757141113,0.0,-3.7100000381469727,0.699999988079071,144.20310974121094,-389.9979553222656,-61.82854080200195
1765401016.570609,117726,-0.36850783228874207,-2.2014753818511963,9.743921279907227,0.07000000029802322,-3.640000104904175,0.699999988079071,146.3698272705078,-390.88916015625,-61.159934997558594
1765401016.570609,117726,-0.2823631465435028,-2.3450498580932617,9.676919937133789,-0.07000000029802322,-3.7100000381469727,0.7699999809265137,145.09376525878906,-390.68511962890625,-62.23670196533203
1765401016.570609,117726,-0.31586387753486633,-2.278048515319824,9.696063995361328,0.0,-3.640000104904175,0.699999988079071,145.0843505859375,-390.6871032714844,-62.51736068725586
1765401016.570609,117726,-0.31586387753486633,-2.2397620677948,9.626668930053711,0.0,-3.8499999046325684,0.699999988079071,146.9954833984375,-389.3938903808594,-60.1981315612793
1765401016.646206,117801,-0.20818300545215607,-2.2517266273498535,9.66016960144043,-0.07000000029802322,-3.569999933242798,0.699999988079071,144.84674072265625,-389.0584411621094,-62.64761734008789
1765401016.646206,117801,-0.3134709596633911,-2.2397620677948,9.583597183227539,0.0,-3.8499999046325684,0.699999988079071,145.02484130859375,-389.58050537109375,-59.657264709472656
1765401016.646206,117801,-0.29911351203918457,-2.3163349628448486,9.705635070800781,-0.14000000059604645,-3.569999933242798,0.699999988079071,144.85231018066406,-388.4977111816406,-60.16508865356445
1765401016.646206,117801,-0.31586387753486633,-2.2589051723480225,9.693670272827148,-0.07000000029802322,-3.640000104904175,0.6299999952316284,145.87136840820312,-391.8769226074219,-62.17280197143555
1765401016.646206,117801,-0.3015064299106598,-2.3163349628448486,9.691277503967285,-0.14000000059604645,-3.7100000381469727,0.699999988079071,144.0656280517578,-391.0672302246094,-64.40032958984375
1765401016.646206,117801,-0.20818300545215607,-2.2732627391815186,9.617097854614258,-0.14000000059604645,-3.5,0.6299999952316284,147.08837890625,-390.21368408203125,-60.904815673828125
1765401016.646206,117801,-0.461831271648407,-2.21343994140625,9.703242301940918,0.0,-3.7100000381469727,0.699999988079071,142.14593505859375,-391.8027038574219,-64.65802764892578
1765401016.646206,117801,-0.19382555782794952,-2.275655508041382,9.650598526000977,0.0,-3.640000104904175,0.5600000023841858,142.14593505859375,-391.8027038574219,-64.65802764892578
1765401016.720683,117878,-0.4211518168449402,-2.220618724822998,9.775029182434082,0.0,-3.9200000762939453,0.7699999809265137,146.98135375976562,-389.3968505859375,-60.61912155151367
1765401016.720683,117878,-0.07178724557161331,-2.297191858291626,9.684099197387695,0.0,-3.7799999713897705,0.6299999952316284,144.5752716064453,-388.47723388671875,-62.262393951416016
1765401016.720683,117878,1.464459776878357,-4.484309673309326,6.915504455566406,0.6299999952316284,-2.940000057220459,0.7699999809265137,144.63780212402344,-387.1439514160156,-60.76478958129883
1765401016.720683,117878,-0.20339718461036682,-2.0411505699157715,9.274911880493164,-1.6800000667572021,-4.130000114440918,1.4700000286102295,145.89755249023438,-389.2311096191406,-62.12452697753906
1765401016.720683,117878,-0.40679436922073364,-1.5123178958892822,8.832223892211914,-0.07000000029802322,-3.7100000381469727,0.7699999809265137,145.2642364501953,-389.1280822753906,-62.522579193115234
1765401016.720683,117878,-0.4020085632801056,-2.677664041519165,9.308412551879883,12.390000343322754,-3.7799999713897705,0.2800000011920929,144.7537078857422,-392.7586669921875,-63.16272735595703
1765401016.720683,117878,-0.40918728709220886,-1.3543859720230103,9.504631042480469,-2.240000009536743,-3.2899999618530273,0.6299999952316284,142.98106384277344,-387.4220275878906,-63.186153411865234
1765401016.720683,117878,-0.2010042816400528,-4.3957719802856445,12.546016693115234,-8.470000267028809,-3.8499999046325684,1.0499999523162842,146.19082641601562,-391.40765380859375,-62.652496337890625
1765401016.795610,117953,-0.2105759084224701,-2.220618724822998,9.55727481842041,-2.0299999713897705,-3.7799999713897705,0.699999988079071,148.60809326171875,-390.7250061035156,-59.88414764404297
1765401016.795610,117953,-0.39961564540863037,-2.065079689025879,9.865960121154785,0.0,-3.7100000381469727,0.8400000333786011,146.20068359375,-391.12579345703125,-61.200740814208984
1765401016.795610,117953,-0.36611494421958923,-2.340264081954956,9.741528511047363,0.0,-3.7100000381469727,0.9100000262260437,145.38418579101562,-386.74237060546875,-60.83879470825195
1765401016.795610,117953,-0.3709007501602173,-2.3713719844818115,9.753493309020996,-0.07000000029802322,-3.430000066757202,0.6299999952316284,144.8018035888672,-387.18817138671875,-62.03540802001953
1765401016.795610,117953,-0.08135887235403061,-2.2995846271514893,9.66016960144043,0.0,-3.990000009536743,0.699999988079071,144.5487518310547,-386.8829040527344,-62.25996780395508
1765401016.795610,117953,0.2919347882270813,-2.467088222503662,10.440258026123047,4.480000019073486,-3.3600001335144043,1.3300000429153442,144.5487518310547,-386.8829040527344,-62.25996780395508
1765401016.795610,117953,1.1725249290466309,-2.811666965484619,10.464186668395996,47.31999969482422,-4.829999923706055,9.170000076293945,145.93951416015625,-389.5020751953125,-62.032649993896484
1765401016.795610,117953,1.93586266040802,-2.036364793777466,10.7991943359375,105.84000396728516,-4.760000228881836,15.609999656677246,144.072509765625,-389.1860656738281,-62.24449920654297
1765401016.885608,118028,0.5503688454627991,-3.8549749851226807,4.580026149749756,-155.0500030517578,4.619999885559082,-63.70000076293945,146.24569702148438,-388.4760437011719,-60.59114456176758
1765401016.885608,118028,-0.904519259929657,-3.6300415992736816,15.75490665435791,-60.970001220703125,27.020000457763672,-135.58999633789062,142.88169860839844,-388.2035217285156,-63.464202880859375
1765401016.885608,118028,2.7590229511260986,-4.816924095153809,5.647263050079346,0.07000000029802322,33.810001373291016,-161.97999572753906,143.61131286621094,-390.44573974609375,-63.30582046508789
1765401016.885608,118028,2.292405843734741,-6.1665239334106445,8.636005401611328,-0.07000000029802322,49.209999084472656,-234.14999389648438,144.504150390625,-389.2527770996094,-61.69847106933594
1765401016.885608,118028,4.02726411819458,-6.037307262420654,7.741057872772217,2.0999999046325684,79.66000366210938,-375.20001220703125,143.68206787109375,-385.910888671875,-59.97906494140625
1765401016.885608,118028,6.424958229064941,-5.264397621154785,4.635063171386719,2.450000047683716,101.08000183105469,-471.7300109863281,143.3951416015625,-386.6530456542969,-59.68815231323242
1765401016.885608,118028,4.831281661987305,19.327518463134766,5.029892921447754,-21.6299991607666,110.66999816894531,-515.27001953125,136.89453125,-384.2591857910156,-62.86508560180664
1765401016.885608,118028,-10.586225509643555,2.2230117321014404,9.36823558807373,-15.539999961853027,50.81999969482422,-276.57000732421875,135.97264099121094,-381.9786376953125,-62.5948371887207
1765401016.945603,118104,-7.705163955688477,0.5719050168991089,9.7391357421875,-48.29999923706055,-44.939998626708984,-65.02999877929688,135.54266357421875,-384.8316650390625,-63.51825714111328
1765401016.945603,118104,2.079437017440796,-0.8662327527999878,6.85807466506958,-66.91999816894531,-64.05000305175781,0.3499999940395355,136.4256591796875,-383.9205627441406,-63.3626594543457
1765401016.945603,118104,0.2105759084224701,-2.2397620677948,9.882710456848145,-66.63999938964844,-22.190000534057617,7.840000152587891,135.6386260986328,-382.73077392578125,-63.707218170166016
1765401016.945603,118104,-1.366350531578064,-3.7209720611572266,9.84203052520752,-61.11000061035156,6.510000228881836,4.199999809265137,137.83657836914062,-385.2153625488281,-62.90071105957031
1765401016.945603,118104,-0.8805902004241943,-4.237840175628662,10.026285171508789,-54.11000061035156,30.729999542236328,-12.529999732971191,137.82716369628906,-385.21734619140625,-63.18136978149414
1765401016.945603,118104,0.03110780566930771,-2.514946460723877,9.985605239868164,-59.849998474121094,26.670000076293945,-27.93000030517578,137.01055908203125,-385.3539123535156,-64.04122161865234
1765401016.945603,118104,-0.461831271648407,-1.8281817436218262,10.334970474243164,-88.69000244140625,4.619999885559082,-34.58000183105469,137.05723571777344,-385.6238708496094,-63.80901336669922
1765401016.945603,118104,0.03110780566930771,-3.175389051437378,9.916211128234863,-126.9800033569336,-11.34000015258789,-25.549999237060547,134.44046020507812,-384.3900146484375,-64.41387939453125
1765401017.021210,118179,-0.3613291084766388,-3.766437292098999,9.985605239868164,-177.30999755859375,-32.900001525878906,-18.270000457763672,135.05580139160156,-383.937255859375,-62.234954833984375
1765401017.021210,118179,-0.38765111565589905,-3.687471389770508,9.21987533569336,-222.60000610351562,-38.709999084472656,-21.84000015258789,135.85565185546875,-385.9637145996094,-64.9826889038086
1765401017.021210,118179,0.45943835377693176,-3.646791934967041,9.325162887573242,-260.04998779296875,-35.42000198364258,-20.09000015258789,135.24830627441406,-392.2549133300781,-67.77606964111328
1765401017.021210,118179,0.9308412671089172,-3.244783401489258,8.951869010925293,-280.55999755859375,-1.190000057220459,-5.389999866485596,137.55810546875,-391.03533935546875,-65.89312744140625
1765401017.021210,118179,0.9332341551780701,-3.7999379634857178,9.358663558959961,-308.07000732421875,-13.09000015258789,12.25,137.79649353027344,-396.1434631347656,-68.48246002197266
1765401017.021210,118179,1.074415683746338,-6.479995250701904,8.638398170471191,-337.4700012207031,4.690000057220459,42.209999084472656,136.27459716796875,-397.99310302734375,-67.67864990234375
1765401017.021210,118179,0.6963362693786621,-10.1578950881958,10.60058307647705,-440.7900085449219,-16.729999542236328,79.66000366210938,134.51080322265625,-397.4543762207031,-69.8143081665039
1765401017.021210,118179,1.8640754222869873,-10.614940643310547,4.539346694946289,-578.9700317382812,-91.27999877929688,106.33000183105469,137.59852600097656,-401.66668701171875,-67.91816711425781
1765401017.110692,118255,0.7011220455169678,-1.7946810722351074,1.5482115745544434,-644.8400268554688,-126.9800033569336,92.47000122070312,138.19186401367188,-408.6585998535156,-68.04008483886719
1765401017.110692,118255,1.8545037508010864,1.682214379310608,10.229681968688965,-637.8400268554688,-30.8700008392334,154.13999938964844,140.3240509033203,-420.39801025390625,-66.63072204589844
1765401017.110692,118255,-2.577162027359009,-9.99996280670166,1.612820029258728,-598.780029296875,128.24000549316406,180.1800079345703,136.10191345214844,-419.7112121582031,-69.28440856933594
1765401017.110692,118255,-4.024871349334717,-11.957362174987793,2.5699832439422607,-303.239990234375,98.13999938964844,48.790000915527344,136.17813110351562,-419.1356201171875,-64.69693756103516
1765401017.110692,118255,0.27997025847435,-14.393342018127441,0.4833674430847168,-173.8800048828125,96.87999725341797,18.200000762939453,135.0441436767578,-422.38128662109375,-64.28338623046875
1765401017.110692,118255,-3.687471389770508,-13.249531745910645,2.6178414821624756,-96.94999694824219,88.69000244140625,31.219999313354492,135.07403564453125,-425.2950439453125,-63.81879425048828
1765401017.110692,118255,-0.9404128789901733,-12.919310569763184,5.295505523681641,8.399999618530273,72.23999786376953,56.42000198364258,132.6661834716797,-425.9757080078125,-66.30648040771484
1765401017.110692,118255,-1.9885066747665405,-11.85685920715332,6.9801130294799805,83.37000274658203,48.790000915527344,107.37999725341797,134.0249481201172,-423.5220642089844,-63.49748229980469
1765401017.185603,118331,-2.129688262939453,-10.928411483764648,9.155266761779785,160.3699951171875,93.80000305175781,154.0,131.86074829101562,-424.5099792480469,-66.04126739501953
1765401017.185603,118331,-2.158403158187866,-6.441708564758301,14.314375877380371,182.0,94.08000183105469,162.5399932861328,133.10385131835938,-424.72100830078125,-65.94681549072266
1765401017.185603,118331,-2.6393775939941406,-5.218932628631592,11.464422225952148,205.02999877929688,93.5199966430664,143.14999389648438,128.87789916992188,-422.99462890625,-70.23860931396484
1765401017.185603,118331,-1.8616825342178345,-10.411542892456055,9.770243644714355,238.07000732421875,73.43000030517578,142.3800048828125,130.30172729492188,-421.0868835449219,-67.80718231201172
1765401017.185603,118331,-1.830574631690979,-12.29236888885498,9.473523139953613,263.8999938964844,43.88999938964844,197.1199951171875,128.91700744628906,-417.14630126953125,-68.22085571289062
1765401017.185603,118331,-1.5458186864852905,-8.731721878051758,9.121766090393066,298.9700012207031,33.95000076293945,224.49000549316406,126.38329315185547,-417.01409912109375,-70.98416900634766
1765401017.185603,118331,-0.5719050168991089,-10.129179954528809,8.202888488769531,299.3900146484375,29.68000030517578,249.1300048828125,128.68630981445312,-413.1556396484375,-70.0352554321289
1765401017.185603,118331,-1.0839873552322388,-8.344070434570312,7.939669132232666,253.54000854492188,48.720001220703125,252.35000610351562,126.99755096435547,-408.3609313964844,-69.87493133544922
1765401017.260603,118406,-0.8758043646812439,-7.973169803619385,6.55417537689209,235.89999389648438,59.92000198364258,274.19000244140625,126.48453521728516,-409.6314697265625,-72.4798812866211
1765401017.260603,118406,-1.6965718269348145,-8.975798606872559,5.630512714385986,198.02999877929688,61.810001373291016,283.989990234375,126.48453521728516,-409.6314697265625,-72.4798812866211
1765401017.260603,118406,-2.9815635681152344,-9.980819702148438,4.213911056518555,102.05999755859375,41.650001525878906,220.57000732421875,124.97775268554688,-405.9176025390625,-71.53106689453125
1765401017.260603,118406,-5.116037368774414,-5.302684307098389,8.138280868530273,40.25,17.56999969482422,183.3300018310547,123.59980010986328,-404.6158752441406,-71.0107192993164
1765401017.260603,118406,-6.168917179107666,-6.616390705108643,7.755414962768555,-7.0,-29.68000030517578,218.6800079345703,125.22393035888672,-408.1040344238281,-73.46234893798828
1765401017.260603,118406,-6.29334831237793,-6.2718119621276855,7.764986991882324,-56.0,-43.04999923706055,246.61000061035156,125.1494369506836,-407.5601501464844,-73.36543273925781
1765401017.260603,118406,-6.7767157554626465,-6.570925712585449,9.581204414367676,-16.59000015258789,-56.97999954223633,230.64999389648438,122.92923736572266,-404.24090576171875,-71.36030578613281
1765401017.260603,118406,-7.212224960327148,-6.441708564758301,10.35650634765625,42.0,-52.849998474121094,216.3000030517578,125.92788696289062,-408.19219970703125,-70.95934295654297
1765401017.335590,118481,-6.551782131195068,-6.826966762542725,9.48788070678711,98.13999938964844,-32.20000076293945,206.36000061035156,124.77991485595703,-406.4400329589844,-73.5849609375
1765401017.335590,118481,-6.838931560516357,-7.841559886932373,7.8654890060424805,125.51000213623047,-28.90999984741211,199.7100067138672,127.3183364868164,-406.5712585449219,-70.68131256103516
1765401017.335590,118481,-5.967912673950195,-5.26918363571167,8.75086498260498,126.55999755859375,-84.20999908447266,247.24000549316406,126.27650451660156,-406.67645263671875,-72.0948486328125
1765401017.335590,118481,-4.206732273101807,-5.278755187988281,10.00953483581543,127.68000030517578,-107.44999694824219,246.19000244140625,128.17604064941406,-407.265380859375,-72.07178497314453
1765401017.335590,118481,-4.4795241355896,-4.060765266418457,8.626433372497559,146.72000122070312,-91.27999877929688,201.11000061035156,129.85720825195312,-405.9418029785156,-70.4465560913086
1765401017.335590,118481,-5.731014728546143,-4.142123699188232,8.66472053527832,145.6699981689453,-94.29000091552734,172.05999755859375,128.66464233398438,-406.5595397949219,-72.51066589355469
1765401017.335590,118481,-6.810216426849365,-2.816452741622925,8.05452823638916,136.9199981689453,-81.9000015258789,154.27999877929688,130.04095458984375,-404.9415588378906,-72.65363311767578
1765401017.335590,118481,-4.9437479972839355,-3.6994359493255615,10.911661148071289,121.44999694824219,-63.349998474121094,133.91000366210938,129.82984924316406,-404.9071960449219,-72.78632354736328
1765401017.411204,118557,-7.233761310577393,-2.1272952556610107,5.999020576477051,122.5,26.040000915527344,118.30000305175781,129.2527313232422,-400.5521545410156,-71.44970703125
1765401017.411204,118557,-6.848503112792969,-2.7422726154327393,5.570690155029297,99.75,92.81999969482422,125.09000396728516,127.73894500732422,-403.2394104003906,-73.87853240966797
1765401017.411204,118557,-8.207674980163574,-1.141417145729065,4.419701099395752,71.88999938964844,139.64999389648438,135.10000610351562,129.1114044189453,-401.06268310546875,-71.81963348388672
1765401017.411204,118557,-7.106936931610107,-2.129688262939453,4.647027492523193,34.09000015258789,176.75,151.1999969482422,128.1830596923828,-400.3834228515625,-72.53411865234375
1765401017.411204,118557,-9.286876678466797,-0.28714898228645325,3.9506912231445312,4.829999923706055,212.3800048828125,166.8800048828125,123.21793365478516,-401.4176330566406,-74.64678955078125
1765401017.411204,118557,-9.29644775390625,-0.19382555782794952,4.778637409210205,-18.969999313354492,230.08999633789062,186.41000366210938,120.19603729248047,-401.71142578125,-75.80011749267578
1765401017.411204,118557,-7.642948627471924,-0.7513731122016907,4.749922752380371,-33.459999084472656,232.19000244140625,204.19000244140625,118.23995971679688,-401.6152038574219,-73.66716003417969
1765401017.411204,118557,-6.149773597717285,-0.4307234585285187,4.206732273101807,-36.04999923706055,227.85000610351562,211.47000122070312,116.03509521484375,-401.4925231933594,-72.78953552246094
1765401017.500684,118633,-5.635298728942871,0.18903973698616028,3.6491849422454834,-45.150001525878906,222.74000549316406,210.55999755859375,114.50170135498047,-400.70428466796875,-73.06009674072266
1765401017.500684,118633,-5.656834602355957,1.0768086910247803,4.161267280578613,-47.18000030517578,213.36000061035156,204.47000122070312,108.25151062011719,-401.2565612792969,-75.35909271240234
1765401017.500684,118633,-6.176095962524414,0.8375178575515747,3.6204700469970703,-31.010000228881836,183.25999450683594,190.88999938964844,107.19037628173828,-402.1263732910156,-74.66506958007812
1765401017.500684,118633,-4.606348037719727,2.010042905807495,3.1706032752990723,-22.610000610351562,140.35000610351562,197.39999389648438,103.80289459228516,-397.8196105957031,-73.17799377441406
1765401017.500684,118633,-3.35964298248291,1.830574631690979,2.268476963043213,-13.440000534057617,97.93000030517578,172.5500030517578,104.51531982421875,-402.98553466796875,-73.95832824707031
1765401017.500684,118633,-2.9121692180633545,2.7446656227111816,2.4910173416137695,-5.320000171661377,71.19000244140625,130.1999969482422,103.04106903076172,-399.5445861816406,-73.19829559326172
1765401017.500684,118633,-3.027028799057007,2.3785505294799805,2.8714897632598877,8.819999694824219,62.439998626708984,75.31999969482422,103.04106903076172,-399.5445861816406,-73.19829559326172
1765401017.500684,118633,-5.175860404968262,1.6558923721313477,3.5391111373901367,27.09000015258789,47.18000030517578,35.349998474121094,102.15204620361328,-401.7770690917969,-73.16753387451172
1765401017.560611,118709,-7.583125591278076,2.6896286010742188,1.7133221626281738,33.040000915527344,13.09000015258789,48.22999954223633,102.37564086914062,-398.88873291015625,-72.23646545410156
1765401017.560611,118709,-7.200260639190674,2.488624334335327,1.710929274559021,37.380001068115234,-18.270000457763672,66.29000091552734,102.26051330566406,-396.75347900390625,-72.55811309814453
1765401017.560611,118709,-7.159581184387207,2.2445478439331055,1.8210030794143677,51.380001068115234,-26.739999771118164,77.20999908447266,102.1491928100586,-395.6578063964844,-71.24165344238281
1765401017.560611,118709,-5.025106906890869,0.4044014811515808,1.6917860507965088,50.61000061035156,-11.40999984741211,71.47000122070312,100.64832305908203,-395.14251708984375,-71.70099639892578
1765401017.560611,118709,-2.467088222503662,-0.5934411883354187,2.4359803199768066,68.04000091552734,24.71000099182129,-18.829999923706055,101.93162536621094,-397.2247314453125,-72.35907745361328
1765401017.560611,118709,-9.143301963806152,3.716186285018921,-3.3285350799560547,81.62000274658203,59.5,-85.26000213623047,100.38245391845703,-393.519775390625,-72.67323303222656
1765401017.560611,118709,-6.278990745544434,2.4766597747802734,-1.5266753435134888,60.54999923706055,71.95999908447266,-89.5999984741211,100.35077667236328,-392.6871032714844,-70.14225769042969
1765401017.560611,118709,-4.699671268463135,1.3113136291503906,1.081594467163086,30.729999542236328,43.400001525878906,-94.01000213623047,100.01072692871094,-394.7606201171875,-71.06828308105469
1765401017.635590,118784,-5.49411678314209,1.8281817436218262,2.1751534938812256,15.399999618530273,16.65999984741211,-106.95999908447266,99.49681854248047,-397.07171630859375,-72.17545318603516
1765401017.635590,118784,-7.140437602996826,2.790130853652954,3.153852939605713,6.090000152587891,-20.15999984741211,-104.30000305175781,96.62577819824219,-392.3329772949219,-71.45639038085938
1765401017.635590,118784,-6.865253448486328,2.713557720184326,4.6613850593566895,4.480000019073486,-56.279998779296875,-91.62999725341797,99.0296859741211,-395.1328125,-71.82862091064453
1765401017.635590,118784,-5.788444519042969,2.593912363052368,5.740586280822754,24.920000076293945,-87.1500015258789,-83.93000030517578,101.62630462646484,-397.6910095214844,-71.45838165283203
1765401017.635590,118784,-5.113644599914551,2.2158329486846924,6.262240409851074,57.61000061035156,-119.20999908447266,-80.22000122070312,99.63946533203125,-395.2407531738281,-72.13221740722656
1765401017.635590,118784,-6.022949695587158,2.837989091873169,5.204575061798096,87.01000213623047,-148.6800079345703,-93.5199966430664,99.6112060546875,-395.2467041015625,-72.97419738769531
1765401017.635590,118784,-6.290955543518066,1.777930736541748,3.912404775619507,91.27999877929688,-172.8300018310547,-105.91000366210938,104.4846420288086,-396.5923156738281,-71.70332336425781
1765401017.635590,118784,-7.030364036560059,0.1507532149553299,2.129688262939453,76.6500015258789,-182.83999633789062,-112.69999694824219,104.12543487548828,-394.4296569824219,-73.13996887207031
1765401017.710594,118859,-5.819552421569824,-1.8927903175354004,1.9143264293670654,46.900001525878906,-197.19000244140625,-117.80999755859375,107.94158172607422,-397.2038269042969,-73.3769302368164
1765401017.710594,118859,-7.812844753265381,-1.837753415107727,2.5101606845855713,15.119999885559082,-194.9499969482422,-121.16999816894531,106.90752410888672,-394.3873291015625,-74.13240814208984
1765401017.710594,118859,-7.657305717468262,-1.6271774768829346,3.4888598918914795,-9.029999732971191,-188.7899932861328,-114.44999694824219,109.37957763671875,-394.81231689453125,-74.36448669433594
1765401017.710594,118859,-9.260554313659668,-0.5838695764541626,4.28809118270874,-15.190000534057617,-189.55999755859375,-105.9800033569336,110.81023406982422,-395.0625915527344,-74.83899688720703
1765401017.710594,118859,-5.010749340057373,-2.361800193786621,6.611605167388916,-14.350000381469727,-209.3000030517578,-89.38999938964844,112.76071166992188,-396.20037841796875,-75.61449432373047
1765401017.710594,118859,-12.304333686828613,0.8686256408691406,5.142359256744385,14.420000076293945,-237.5800018310547,-93.23999786376953,113.40522766113281,-394.2203063964844,-77.93134307861328
1765401017.710594,118859,-8.724542617797852,0.47858160734176636,6.769536972045898,35.4900016784668,-256.4800109863281,-62.02000045776367,116.81636047363281,-394.0021667480469,-77.4949722290039
1765401017.710594,118859,-7.523303031921387,-0.15553902089595795,7.030364036560059,62.369998931884766,-250.11000061035156,-52.08000183105469,120.2775650024414,-395.3733825683594,-76.35935974121094
1765401017.786204,118935,-10.636476516723633,2.347442865371704,5.037071704864502,76.51000213623047,-246.75,-40.810001373291016,124.86418151855469,-392.9411315917969,-73.5757827758789
1765401017.786204,118935,-2.993528127670288,0.7896596789360046,6.759965419769287,68.87999725341797,-224.83999633789062,-27.440000534057617,125.60752868652344,-394.9794921875,-78.00747680664062
1765401017.786204,118935,-8.542681694030762,0.8877689242362976,6.37949275970459,72.37999725341797,-204.75,-30.100000381469727,127.0750732421875,-391.74237060546875,-74.63976287841797
1765401017.786204,118935,-5.362506866455078,0.5742979645729065,7.011220932006836,66.77999877929688,-190.0500030517578,-19.389999389648438,127.0750732421875,-391.74237060546875,-74.63976287841797
1765401017.786204,118935,-5.161502838134766,0.8040171265602112,10.062178611755371,61.11000061035156,-186.5500030517578,0.42000001668930054,128.92662048339844,-393.38177490234375,-74.522216796875
1765401017.786204,118935,-3.723365068435669,0.6724071502685547,9.621883392333984,66.22000122070312,-179.89999389648438,6.510000228881836,132.99462890625,-393.26165771484375,-72.98612976074219
1765401017.786204,118935,-4.824102878570557,1.6056413650512695,10.177038192749023,69.6500015258789,-175.6300048828125,21.350000381469727,133.6014404296875,-391.7703552246094,-72.58564758300781
1765401017.786204,118935,-3.0174570083618164,0.8159816861152649,10.033463478088379,70.9800033569336,-183.47000122070312,47.529998779296875,135.19960021972656,-388.8642883300781,-72.64196014404297
1765401017.860682,119010,-4.345520973205566,1.5410327911376953,10.796801567077637,63.4900016784668,-167.7899932861328,42.13999938964844,138.2994842529297,-385.913818359375,-69.896728515625
1765401017.860682,119010,-4.845638751983643,1.8521108627319336,11.15573787689209,54.459999084472656,-155.75,43.68000030517578,142.03335571289062,-391.0657958984375,-70.69482421875
1765401017.860682,119010,-1.4022440910339355,0.2321120798587799,10.978662490844727,50.400001525878906,-144.5500030517578,60.54999923706055,144.95159912109375,-391.2746276855469,-68.7887954711914
1765401017.860682,119010,-3.3907508850097656,0.7250511646270752,11.505102157592773,33.459999084472656,-111.44000244140625,53.689998626708984,141.65914916992188,-389.9466552734375,-71.0546875
1765401017.860682,119010,-3.3763933181762695,1.9765421152114868,11.584068298339844,15.119999885559082,-67.55000305175781,56.349998474121094,144.6318359375,-387.5037536621094,-68.25838470458984
1765401017.860682,119010,-4.187589168548584,1.1222739219665527,12.37133502960205,-12.600000381469727,-31.43000030517578,83.30000305175781,145.9742889404297,-386.9332580566406,-67.88587951660156
1765401017.860682,119010,-5.149538040161133,2.0914015769958496,12.861881256103516,-41.09000015258789,-20.579999923706055,111.09000396728516,146.0521697998047,-388.79656982421875,-67.5157699584961
1765401017.860682,119010,-6.245490074157715,1.2730270624160767,12.974348068237305,-80.8499984741211,-67.19999694824219,102.05999755859375,146.56259155273438,-389.68603515625,-68.09742736816406
1765401017.935588,119086,-7.307941436767578,1.8903974294662476,13.409856796264648,-101.29000091552734,-94.22000122070312,107.52000427246094,148.17091369628906,-390.73828125,-66.75267791748047
1765401017.935588,119086,-4.888711452484131,0.5527617931365967,13.261496543884277,-117.5999984741211,-99.81999969482422,123.4800033569336,148.19741821289062,-392.3326110839844,-66.75511169433594
1765401017.935588,119086,-2.4359803199768066,-0.1316099464893341,11.830537796020508,-132.72000122070312,-75.66999816894531,130.6199951171875,148.19741821289062,-392.3326110839844,-66.75511169433594
1765401017.935588,119086,-4.173231601715088,1.517103672027588,9.978426933288574,-147.97999572753906,-35.42000198364258,136.85000610351562,149.9345703125,-395.7970275878906,-65.83882141113281
1765401017.935588,119086,-2.7446656227111816,0.5934411883354187,9.767850875854492,-169.39999389648438,15.329999923706055,142.30999755859375,150.49769592285156,-395.6350402832031,-66.37462615966797
1765401017.935588,119086,-6.010984897613525,1.7970739603042603,9.291662216186523,-192.0800018310547,67.19999694824219,143.2899932861328,150.27113342285156,-396.924072265625,-66.60161590576172
1765401017.935588,119086,-5.522831916809082,-0.4642241597175598,9.751100540161133,-210.83999633789062,111.44000244140625,165.05999755859375,152.04421997070312,-401.9808349609375,-65.40708923339844
1765401017.935588,119086,-2.979170560836792,-1.9550058841705322,11.861645698547363,-228.05999755859375,132.22999572753906,152.38999938964844,148.55345153808594,-401.93597412109375,-67.0579833984375
1765401018.010984,119162,-1.1605603694915771,-2.268476963043213,12.536445617675781,-224.07000732421875,112.13999938964844,126.69999694824219,145.73281860351562,-402.54595947265625,-69.53038024902344
1765401018.010984,119162,-1.0528795719146729,-2.0076498985290527,11.820965766906738,-205.66000366210938,104.6500015258789,109.05999755859375,145.98487854003906,-408.41180419921875,-69.02984619140625
1765401018.010984,119162,-1.868861198425293,-1.844932198524475,11.445279121398926,-199.00999450683594,114.94000244140625,99.75,144.68438720703125,-409.25323486328125,-69.31047058105469
1765401018.010984,119162,-1.2897775173187256,-2.761415958404541,11.899931907653809,-173.60000610351562,107.02999877929688,91.20999908447266,145.6362762451172,-409.9275207519531,-67.89434051513672
1765401018.010984,119162,1.6558923721313477,-2.866703987121582,11.6845703125,-136.85000610351562,83.30000305175781,42.90999984741211,145.06153869628906,-412.45245361328125,-65.81472778320312
1765401018.010984,119162,-4.3311638832092285,-3.1993181705474854,10.119607925415039,-142.58999633789062,42.349998474121094,31.989999771118164,141.99594116210938,-414.0755920410156,-67.90433502197266
1765401018.010984,119162,-2.0961875915527344,-3.251962184906006,9.014084815979004,-159.8800048828125,-9.520000457763672,34.86000061035156,143.4899139404297,-416.4720458984375,-69.60082244873047
1765401018.010984,119162,-1.9932924509048462,-3.7999379634857178,7.879846572875977,-164.85000610351562,-60.76000213623047,22.610000610351562,143.02528381347656,-416.89306640625,-67.2891845703125
1765401018.085603,119237,0.3302213251590729,-1.0552724599838257,7.269654750823975,-135.72999572753906,-83.09000396728516,5.809999942779541,146.4029998779297,-417.4425048828125,-65.1662368774414
1765401018.085603,119237,-1.4022440910339355,-0.8710185289382935,2.9049904346466064,-130.75999450683594,-49.84000015258789,17.149999618530273,146.03480529785156,-415.0019836425781,-65.71244049072266
1765401018.085603,119237,-3.6013267040252686,-3.900440216064453,4.553704261779785,-167.22999572753906,34.22999954223633,3.430000066757202,144.5950469970703,-418.99383544921875,-65.56929779052734
1765401018.085603,119237,-5.635298728942871,-5.326613426208496,6.898754119873047,-160.3000030517578,61.25,-72.30999755859375,145.19891357421875,-415.9031677246094,-64.46473693847656
1765401018.085603,119237,-5.563511371612549,-3.6372203826904297,7.705163955688477,-143.63999938964844,18.40999984741211,-129.14999389648438,143.76475524902344,-418.853515625,-65.67904663085938
1765401018.085603,119237,-4.974855899810791,-4.161267280578613,8.186138153076172,-153.3000030517578,-68.18000030517578,-127.68000030517578,144.59844970703125,-420.313232421875,-65.10227966308594
1765401018.085603,119237,-5.039464473724365,-4.16605281829834,8.188531875610352,-163.24000549316406,-204.0500030517578,-127.68000030517578,143.40496826171875,-421.9715270996094,-65.66861724853516
1765401018.085603,119237,-5.642477512359619,-4.060765266418457,8.753257751464844,-162.75,-428.75,-131.25,147.0032196044922,-422.5533142089844,-63.132320404052734
1765401018.173698,119313,2.809274196624756,-13.189709663391113,14.216266632080078,123.97000122070312,-402.8500061035156,0.8400000333786011,148.97943115234375,-421.8059387207031,-61.1906623840332
1765401018.173698,119313,3.134709596633911,-6.592461585998535,8.092815399169922,28.06999969482422,-3.7100000381469727,3.430000066757202,151.56661987304688,-424.3661804199219,-61.1010856628418
1765401018.173698,119313,-1.6917860507965088,0.2010042816400528,8.178959846496582,5.389999866485596,196.91000366210938,-23.940000534057617,153.4589080810547,-423.076904296875,-59.343177795410156
1765401018.173698,119313,-2.2301902770996094,-2.4264087677001953,9.942533493041992,11.130000114440918,152.60000610351562,-34.93000030517578,151.09906005859375,-422.7071228027344,-61.92534637451172
1765401018.173698,119313,-0.8638398051261902,-3.6156840324401855,8.296212196350098,8.260000228881836,62.51000213623047,-51.380001068115234,151.7902069091797,-421.47784423828125,-60.170021057128906
1765401018.173698,119313,-1.3711363077163696,-3.1514599323272705,7.666877746582031,9.59000015258789,34.29999923706055,-66.29000091552734,149.06851196289062,-421.586181640625,-63.535465240478516
1765401018.173698,119313,-2.627413034439087,-4.3526997566223145,8.801115989685059,11.6899995803833,22.889999389648438,-71.05000305175781,151.9961700439453,-421.79302978515625,-61.3487663269043
1765401018.173698,119313,-2.4431591033935547,-3.443394660949707,7.4658732414245605,6.579999923706055,7.490000247955322,-70.69999694824219,151.9961700439453,-421.79302978515625,-61.3487663269043
1765401018.235664,119388,-2.108151912689209,-5.259612083435059,8.781972885131836,-8.539999961853027,26.670000076293945,-73.36000061035156,149.74642944335938,-419.3193054199219,-63.69890594482422
1765401018.235664,119388,-2.14404559135437,-5.015535354614258,9.174409866333008,-13.300000190734863,35.70000076293945,-79.94000244140625,149.47537231445312,-418.4582214355469,-62.1425895690918
1765401018.235664,119388,-0.4714028835296631,-4.934176445007324,9.444808006286621,-14.069999694824219,55.720001220703125,-93.02999877929688,148.93496704101562,-419.1750183105469,-63.24733352661133
1765401018.235664,119388,0.49054616689682007,-5.577868938446045,9.514202117919922,-5.460000038146973,100.16999816894531,-123.55000305175781,150.7339324951172,-417.3458251953125,-61.95383071899414
1765401018.235664,119388,0.11485958844423294,-5.783658981323242,9.066728591918945,13.649999618530273,141.9600067138672,-170.3800048828125,149.78839111328125,-419.59027099609375,-63.607032775878906
1765401018.235664,119388,-2.8643109798431396,-5.187824726104736,7.394085884094238,29.68000030517578,168.35000610351562,-205.72999572753906,149.29342651367188,-417.37738037109375,-62.93108367919922
1765401018.235664,119388,-3.843010425567627,-6.4752092361450195,6.9872918128967285,35.42000198364258,181.3699951171875,-211.61000061035156,148.1025848388672,-416.39483642578125,-64.15078735351562
1765401018.235664,119388,-4.692492961883545,-6.073200702667236,7.097365379333496,42.279998779296875,187.6699981689453,-198.1699981689453,150.14344787597656,-416.4732360839844,-63.75779724121094
1765401018.310602,119464,-6.51828145980835,-6.326848983764648,5.93680477142334,45.08000183105469,226.02999877929688,-166.8800048828125,144.74594116210938,-413.4804992675781,-67.5368881225586
1765401018.310602,119464,-7.841559886932373,-6.850895881652832,6.209596633911133,28.420000076293945,272.8600158691406,-133.07000732421875,143.14395141601562,-415.34698486328125,-69.11869049072266
1765401018.310602,119464,-6.621176719665527,-6.300527095794678,7.891810894012451,4.619999885559082,287.07000732421875,-99.4000015258789,141.2740020751953,-413.4316711425781,-68.62646484375
1765401018.310602,119464,-4.4579877853393555,-5.302684307098389,7.836773872375488,-1.8200000524520874,282.1000061035156,-77.55999755859375,141.49452209472656,-413.4640197753906,-68.21311950683594
1765401018.310602,119464,-4.132552146911621,-4.556097030639648,7.920525550842285,1.190000057220459,284.4100036621094,-82.45999908447266,138.49575805664062,-414.03271484375,-69.83589172363281
1765401018.310602,119464,-4.3670573234558105,-4.491488456726074,7.437158584594727,6.300000190734863,291.8999938964844,-100.87000274658203,133.80177307128906,-411.4079895019531,-72.28306579589844
1765401018.310602,119464,-5.312255859375,-4.572847366333008,7.138044834136963,9.65999984741211,279.510009765625,-113.68000030517578,133.83474731445312,-411.40106201171875,-71.3007583618164
1765401018.310602,119464,-6.410600662231445,-4.467559337615967,8.009063720703125,7.349999904632568,258.29998779296875,-103.11000061035156,131.37254333496094,-410.6942443847656,-69.61692810058594
1765401018.385594,119540,-6.168917179107666,-4.934176445007324,5.61615514755249,5.25,252.13999938964844,-79.87000274658203,129.0752410888672,-408.99114990234375,-70.70149230957031
1765401018.385594,119540,-4.596776485443115,-5.551546573638916,5.8554463386535645,3.2899999618530273,248.29000854492188,-68.94999694824219,128.07139587402344,-413.3285217285156,-71.04308319091797
1765401018.385594,119540,-5.4869384765625,-4.967677116394043,8.693434715270996,24.780000686645508,258.7900085449219,-72.80000305175781,125.95308685302734,-411.10693359375,-70.63508605957031
1765401018.385594,119540,-4.915033340454102,-4.209125518798828,7.231368064880371,79.37999725341797,301.1400146484375,-69.72000122070312,122.61304473876953,-410.5495910644531,-71.63539123535156
1765401018.385594,119540,-7.913347244262695,-4.422094345092773,1.847325086593628,108.63999938964844,330.04998779296875,-77.0,123.39710998535156,-410.1401062011719,-70.58675384521484
1765401018.385594,119540,-6.089951038360596,-5.039464473724365,7.193081855773926,79.87000274658203,241.00999450683594,-38.92000198364258,120.00699615478516,-408.4741516113281,-68.4463119506836
1765401018.385594,119540,-6.350778102874756,-3.7784018516540527,7.341442108154297,89.18000030517578,112.41999816894531,11.0600004196167,115.17333221435547,-409.2796630859375,-71.64080810546875
1765401018.385594,119540,-6.621176719665527,-4.130159378051758,8.0377779006958,118.02000427246094,79.80000305175781,32.900001525878906,115.99082946777344,-408.1025390625,-72.27873992919922
1765401018.460591,119615,-6.908325672149658,-3.759258508682251,7.0088276863098145,151.89999389648438,22.81999969482422,59.08000183105469,114.28826904296875,-407.5509338378906,-72.5901107788086
1765401018.460591,119615,-5.247647285461426,-5.472580909729004,3.4673237800598145,150.5,-8.050000190734863,69.2300033569336,112.64662170410156,-402.7463073730469,-71.0264892578125
1765401018.460591,119615,-6.635534286499023,-9.267732620239258,3.900440216064453,108.70999908447266,-17.149999618530273,-47.040000915527344,115.9694595336914,-406.2273254394531,-70.96488952636719
1765401018.460591,119615,-7.487409591674805,-4.137338161468506,4.568061351776123,99.47000122070312,-93.5199966430664,-101.29000091552734,116.33097839355469,-401.509033203125,-70.13090515136719
1765401018.460591,119615,-7.013613700866699,-4.8384599685668945,5.975091457366943,105.91000366210938,-171.85000610351562,-59.43000030517578,115.4865493774414,-401.3716735839844,-70.6616439819336
1765401018.460591,119615,-6.759965419769287,-4.247411727905273,7.0854010581970215,97.93000030517578,-257.4599914550781,8.119999885559082,115.7515640258789,-403.55413818359375,-72.03160858154297
1765401018.460591,119615,-6.231132507324219,-5.262004852294922,6.697749614715576,45.849998474121094,-307.510009765625,46.689998626708984,120.26020050048828,-403.77862548828125,-70.83992004394531
1765401018.460591,119615,-4.338342189788818,-5.305077075958252,6.149773597717285,-0.21000000834465027,-315.9800109863281,45.63999938964844,121.8314208984375,-399.5581359863281,-72.06490325927734
